{
	"info": {
		"_postman_id": "98980bbf-835d-458f-b517-7a2163f671a3",
		"name": "CoreAPI",
		"schema": "https://schema.getpostman.com/json/collection/v2.1.0/collection.json"
	},
	"item": [
		{
			"name": "Patient Card",
			"item": [
				{
					"name": "Update account phone and email",
					"request": {
						"method": "PATCH",
						"header": [
							{
								"key": "Authorization",
								"value": "Bearer eyJhbGciOiJIUzI1NiIsInR5cCI6IkpXVCJ9.eyJlbWFpbCI6ImFkbWluIiwiZXhwIjoxNjA3MzM4OTM2LCJvcmlnX2lhdCI6MTYwNzMzNTMzNn0.PKd7uQeZfe_vr_2dAHy4nHEeiseIKlBOCIqSxINn5Jg",
								"type": "text"
							}
						],
						"body": {
							"mode": "raw",
							"raw": "{\n    \"id\": \"00126000011AOkFAAW\",\n    \"email\": \"asd1.qwe@asd.com\",\n    \"phone\": \"1231231232\"\n}",
							"options": {
								"raw": {
									"language": "json"
								}
							}
						},
						"url": {
							"raw": "localhost:{{PORT}}/auth/updateEmailAndPhone",
							"host": [
								"localhost"
							],
							"port": "{{PORT}}",
							"path": [
								"auth",
								"updateEmailAndPhone"
							]
						}
					},
					"response": []
				},
				{
					"name": "Get account",
					"request": {
						"method": "GET",
						"header": [
							{
								"key": "Authorization",
								"value": "Bearer eyJhbGciOiJIUzI1NiIsInR5cCI6IkpXVCJ9.eyJlbWFpbCI6ImFkbWluIiwiZXhwIjoxNjA3MzQ5MTU5LCJvcmlnX2lhdCI6MTYwNzM0NTU1OX0.1nVbb1Q3-Ma8EnkVFefRgmxV98y3BXpZrlcMTP5VE-o",
								"type": "text"
							}
						],
						"url": {
							"raw": "localhost:{{PORT}}/salesforce/account/00126000011AOkFAAW",
							"host": [
								"localhost"
							],
							"port": "{{PORT}}",
							"path": [
								"salesforce",
								"account",
								"00126000011AOkFAAW"
							]
						}
					},
					"response": []
				}
			]
		},
		{
			"name": "Login",
			"request": {
				"method": "POST",
				"header": [],
				"body": {
					"mode": "raw",
					"raw": "{\n    \"email\": \"iliyan.borisov@dentaprime.com\",\n    \"password\": \"asdqwe123AB\"\n}",
					"options": {
						"raw": {
							"language": "json"
						}
					}
				},
				"url": {
					"raw": "192.168.66.152:8080/auth/login",
					"host": [
						"192",
						"168",
						"66",
						"152"
					],
					"port": "8080",
					"path": [
						"auth",
						"login"
					]
				}
			},
			"response": []
		},
		{
			"name": "Me",
			"request": {
				"auth": {
					"type": "bearer",
					"bearer": [
						{
							"key": "token",
							"value": "eyJhbGciOiJIUzI1NiIsInR5cCI6IkpXVCJ9.eyJlbWFpbCI6Imhha2FuQGdvLmNvbSIsImV4cCI6MTY0ODczODkzMywiaWQiOjEsIm9yaWdfaWF0IjoxNjQ4NzM1MzMzLCJyb2xlcyI6WyJzdXBlcnVzZXIiLCJ1c2VyIiwiZW1wbG95ZWUiXX0.V0kz3cxoBTfRTWjSsfzSJKYP30c5wudPcq8mFo6xlh0",
							"type": "string"
						}
					]
				},
				"method": "GET",
				"header": [
					{
						"key": "Authorization",
						"value": "\"Bearer eyJhbGciOiJIUzI1NiIsInR5cCI6IkpXVCJ9.eyJlbWFpbCI6Imhha2FuQGdvLmNvbSIsImV4cCI6MTYyOTk2MzI3MCwiaWQiOjEsIm9yaWdfaWF0IjoxNjI5OTU5NjcwLCJyb2xlcyI6WyJzdXBlcnVzZXIiLCJ1c2VyIiwiZW1wbG95ZWUiXX0.tC1M3AQVyGpADdyyl6MvYEJkmDYY-7jlwkR1K4FBLSI\"",
						"type": "text"
					}
				],
				"url": {
					"raw": "192.168.66.155:8080/core/users/me",
					"host": [
						"192",
						"168",
						"66",
						"155"
					],
					"port": "8080",
					"path": [
						"core",
						"users",
						"me"
					]
				}
			},
			"response": []
		},
		{
			"name": "RefreshToken",
			"request": {
				"auth": {
					"type": "bearer",
					"bearer": [
						{
							"key": "token",
							"value": "eyJhbGciOiJIUzI1NiIsInR5cCI6IkpXVCJ9.eyJlbWFpbCI6Imhha2FuQGdvLmNvbSIsImV4cCI6MTYyOD3NjgwMSwiaWQiOjEsIm9yaWdfaWF0IjoxNjI4NjczMjAxLCJyb2xlcyI6WyJzdXBlcnVzZXIiLCJ1c2VyIiwiZW1wbG95ZWUiXX0.0qWFaYb6Sg25WJqvhhiiHT1NTf6wCZkqCkDaTF-r5VQ",
							"type": "string"
						}
					]
				},
				"method": "GET",
				"header": [
					{
						"key": "Authorization",
						"value": "Bearer eyJhbGciOiJIUzI1NiIsInR5cCI6IkpXVCJ9.eyJlbWFpbCI6ImFkbWluIiwiZXhwIjoxNjA2NzMzMjg5LCJvcmlnX2lhdCI6MTYwNjcyOTY4OX0.27xzhKAqifBN3DelRfmzrMrWGUunjzinAcO1cR_ZspA",
						"type": "text"
					}
				],
				"url": {
					"raw": "192.168.66.155:8080/auth/refresh_token",
					"host": [
						"192",
						"168",
						"66",
						"155"
					],
					"port": "8080",
					"path": [
						"auth",
						"refresh_token"
					]
				}
			},
			"response": []
		},
		{
			"name": "Create",
			"request": {
				"auth": {
					"type": "bearer",
					"bearer": [
						{
							"key": "token",
							"value": "eyJhbGciOiJIUzI1NiIsInR5cCI6IkpXVCJ9.eyJlbWFpbCI6Imhha2FuQGdvLmNvbSIsImV4cCI6MTYzMzQxOTc1NCwiaWQiOjEsIm9yaWdfaWF0IjoxNjMzNDE2MTU0LCJyb2xlcyI6WyJzdXBlcnVzZXIiLCJ1c2VyIiwiZW1wbG95ZWUiXX0.KiNSOre40JgolHaY_2JrORZ0zFRPDmXqAqGetnHa8xc",
							"type": "string"
						}
					]
				},
				"method": "POST",
				"header": [
					{
						"key": "Authorization",
						"value": "Bearer eyJhbGciOiJIUzI1NiIsInR5cCI6IkpXVCJ9.eyJlbWFpbCI6InRlc3RAdGVzdC5jb20iLCJleHAiOjE2MDczNTYxMDEsIm9yaWdfaWF0IjoxNjA3MzUyNTAxfQ.1Su8-56WG-y25XQNCZBqkHw2YYqme9XQCtJo6jGISE8",
						"type": "text"
					}
				],
				"body": {
					"mode": "raw",
					"raw": "{\n    \"email\": \"reception@dent1aprime.com\",\n    \"first_name\": \"Receprion\",\n    \"last_name\": \"Receprion\",\n    \"full_name\": \"jdhsla\",\n    \"phone\": \"6969353456\",\n    \"webflow_id\": 123\n}",
					"options": {
						"raw": {
							"language": "json"
						}
					}
				},
				"url": {
					"raw": "192.168.66.155:8080/core/employees/",
					"host": [
						"192",
						"168",
						"66",
						"155"
					],
					"port": "8080",
					"path": [
						"core",
						"employees",
						""
					]
				}
			},
			"response": []
		},
		{
			"name": "ChangePassword",
			"request": {
				"auth": {
					"type": "noauth"
				},
				"method": "PATCH",
				"header": [],
				"body": {
					"mode": "raw",
					"raw": "{\n    \"password\": \"asdqwe123AB\"\n}",
					"options": {
						"raw": {
							"language": "json"
						}
					}
				},
				"url": {
					"raw": "192.168.66.152:8080/core/password-manager/iliyan.borisov@dentaprime.com/password",
					"host": [
						"192",
						"168",
						"66",
						"152"
					],
					"port": "8080",
					"path": [
						"core",
						"password-manager",
						"iliyan.borisov@dentaprime.com",
						"password"
					]
				}
			},
			"response": []
		},
		{
			"name": "Get User By SFID",
			"request": {
				"method": "GET",
				"header": [
					{
						"key": "Authorization",
						"value": "Bearer eyJhbGciOiJIUzI1NiIsInR5cCI6IkpXVCJ9.eyJlbWFpbCI6Imhha2FuQGdvLmNvbSIsImV4cCI6MTYxNTQ3MTI4NiwiaWQiOjEsIm9yaWdfaWF0IjoxNjE1NDY3Njg2LCJyb2xlcyI6WyJzdXBlcnVzZXIiLCJ1c2VyIl19.nAvcKNS6ePIcoIaSN1xfo_g62jc9NSG14immfhE2W24",
						"type": "text"
					}
				],
				"url": {
					"raw": "192.168.66.155:8080/core/employees/sf/00526000006V1Q8AAK",
					"host": [
						"192",
						"168",
						"66",
						"155"
					],
					"port": "8080",
					"path": [
						"core",
						"employees",
						"sf",
						"00526000006V1Q8AAK"
					]
				}
			},
			"response": []
		},
		{
			"name": "Get User By WFID",
			"request": {
				"auth": {
					"type": "bearer",
					"bearer": [
						{
							"key": "token",
							"value": "eyJhbGciOiJIUzI1NiIsInR5cCI6IkpXVCJ9.eyJlbWFpbCI6Imhha2FuQGdvLmNvbSIsImV4cCI6MTYzMzM2MjA0OSwiaWQiOjEsIm9yaWdfaWF0IjoxNjMzMzU4NDQ5LCJyb2xlcyI6WyJzdXBlcnVzZXIiLCJ1c2VyIiwiZW1wbG95ZWUiXX0.UGtqUAFA73cwANfQ1G6GfKSwETI6w1WQRocjbZSb7uQ",
							"type": "string"
						}
					]
				},
				"method": "GET",
				"header": [],
				"url": {
					"raw": "192.168.66.155:8080/core/employees/wf/7001",
					"host": [
						"192",
						"168",
						"66",
						"155"
					],
					"port": "8080",
					"path": [
						"core",
						"employees",
						"wf",
						"7001"
					]
				}
			},
			"response": []
		}
	],
	"event": [
		{
			"listen": "prerequest",
			"script": {
				"type": "text/javascript",
				"exec": [
					""
				]
			}
		},
		{
			"listen": "test",
			"script": {
				"type": "text/javascript",
				"exec": [
					""
				]
			}
		}
	],
	"variable": [
		{
			"key": "PORT",
			"value": "8000"
		},
		{
			"key": "1",
			"value": "USER_ID"
		}
	]
}