{
	"info": {
		"_postman_id": "bca45dfc-58ce-47b3-9794-5699ee35faf6",
		"name": "Google-OAuth2",
		"schema": "https://schema.getpostman.com/json/collection/v2.1.0/collection.json"
	},
	"item": [
		{
			"name": "OAuth",
			"request": {
				"method": "GET",
				"header": [],
				"url": {
					"raw": "https://accounts.google.com/o/oauth2/v2/auth?client_id=818325251204-lc1f773u4j3j7ff79eipjv7rl90m2oh2.apps.googleusercontent.com&redirect_uri=http://localhost:3002&response_type=code&scope=https://www.googleapis.com/auth/drive.file",
					"protocol": "https",
					"host": [
						"accounts",
						"google",
						"com"
					],
					"path": [
						"o",
						"oauth2",
						"v2",
						"auth"
					],
					"query": [
						{
							"key": "client_id",
							"value": "818325251204-lc1f773u4j3j7ff79eipjv7rl90m2oh2.apps.googleusercontent.com"
						},
						{
							"key": "redirect_uri",
							"value": "http://localhost:3002"
						},
						{
							"key": "response_type",
							"value": "code"
						},
						{
							"key": "scope",
							"value": "https://www.googleapis.com/auth/drive.file"
						},
						{
							"key": "include_granted_scopes",
							"value": "true",
							"disabled": true
						}
					]
				}
			},
			"response": []
		}
	]
}