{
	"info": {
		"_postman_id": "d17cf4c0-3168-41ba-ab83-f00efbfb48f6",
		"name": "Image_provider",
		"schema": "https://schema.getpostman.com/json/collection/v2.1.0/collection.json"
	},
	"item": [
		{
			"name": "Get",
			"request": {
				"method": "GET",
				"header": [],
				"url": {
					"raw": "localhost:8090/photos?id=123&app=pc",
					"host": [
						"localhost"
					],
					"port": "8090",
					"path": [
						"photos"
					],
					"query": [
						{
							"key": "id",
							"value": "123"
						},
						{
							"key": "app",
							"value": "pc"
						}
					]
				}
			},
			"response": []
		},
		{
			"name": "Upsert",
			"request": {
				"method": "POST",
				"header": [],
				"body": {
					"mode": "file",
					"file": {
						"src": "/home/iliyan/Downloads/sticker.jpg"
					}
				},
				"url": {
					"raw": "localhost:8090/photos?id=123&app=pc",
					"host": [
						"localhost"
					],
					"port": "8090",
					"path": [
						"photos"
					],
					"query": [
						{
							"key": "id",
							"value": "123"
						},
						{
							"key": "app",
							"value": "pc"
						}
					]
				}
			},
			"response": []
		},
		{
			"name": "localhost:8090/photos?id=123&app=pc",
			"request": {
				"method": "DELETE",
				"header": [],
				"url": {
					"raw": "localhost:8090/photos?id=123&app=pc",
					"host": [
						"localhost"
					],
					"port": "8090",
					"path": [
						"photos"
					],
					"query": [
						{
							"key": "id",
							"value": "123"
						},
						{
							"key": "app",
							"value": "pc"
						}
					]
				}
			},
			"response": []
		}
	]
}