{
	"info": {
		"_postman_id": "182a08e9-16a1-49d0-9074-818701b5df99",
		"name": "Know-your-patient",
		"schema": "https://schema.getpostman.com/json/collection/v2.1.0/collection.json"
	},
	"item": [
		{
			"name": "WF connection",
			"item": [
				{
					"name": "Get patient",
					"request": {
						"method": "GET",
						"header": [],
						"url": {
							"raw": "https://dentaprime.webflowdental.com:9190/data_link?api_key=d51f5r4Cc34f0c_q314E30f2P9345a7026bVeecb9c3b5X&act=get_patient&ext_patient_id=0014H00001whTflQAE",
							"protocol": "https",
							"host": [
								"dentaprime",
								"webflowdental",
								"com"
							],
							"port": "9190",
							"path": [
								"data_link"
							],
							"query": [
								{
									"key": "api_key",
									"value": "d51f5r4Cc34f0c_q314E30f2P9345a7026bVeecb9c3b5X"
								},
								{
									"key": "act",
									"value": "get_patient"
								},
								{
									"key": "ext_patient_id",
									"value": "0014H00001whTflQAE"
								},
								{
									"key": "patient_id",
									"value": "0014H00001whTflQAE",
									"disabled": true
								}
							]
						}
					},
					"response": []
				}
			]
		},
		{
			"name": "General requests",
			"item": [
				{
					"name": "Get one",
					"request": {
						"method": "GET",
						"header": [],
						"url": {
							"raw": "http://localhost:8080/admin/users/1",
							"protocol": "http",
							"host": [
								"localhost"
							],
							"port": "8080",
							"path": [
								"admin",
								"users",
								"1"
							]
						}
					},
					"response": []
				},
				{
					"name": "Get all",
					"request": {
						"auth": {
							"type": "bearer",
							"bearer": [
								{
									"key": "token",
									"value": "00D7E0000004zEQ!ARgAQECLySYSu9vNswFzLJYcYSjUINvJcioSUpjKSyiQFmo_0l0wpQbUx_X_CaxkmvVcgihYKyQd9f7ytBaB00IjOIaxaAC2",
									"type": "string"
								}
							]
						},
						"method": "GET",
						"header": [],
						"url": {
							"raw": "http://localhost:8080/User?sort=[\"title\",\"ASC\"]&range=[0, 4]&filter={\"author_id\":12}",
							"protocol": "http",
							"host": [
								"localhost"
							],
							"port": "8080",
							"path": [
								"User"
							],
							"query": [
								{
									"key": "sort",
									"value": "[\"title\",\"ASC\"]"
								},
								{
									"key": "range",
									"value": "[0, 4]"
								},
								{
									"key": "filter",
									"value": "{\"author_id\":12}"
								}
							]
						}
					},
					"response": []
				},
				{
					"name": "Update",
					"request": {
						"method": "PUT",
						"header": [
							{
								"key": "Connection",
								"value": "keep-alive"
							},
							{
								"key": "accept",
								"value": "application/json"
							},
							{
								"key": "User-Agent",
								"value": "Mozilla/5.0 (X11; Linux x86_64) AppleWebKit/537.36 (KHTML, like Gecko) Chrome/93.0.4577.58 Safari/537.36"
							},
							{
								"key": "content-type",
								"value": "application/json"
							},
							{
								"key": "Sec-GPC",
								"value": "1"
							},
							{
								"key": "Origin",
								"value": "http://localhost:3000"
							},
							{
								"key": "Sec-Fetch-Site",
								"value": "same-site"
							},
							{
								"key": "Sec-Fetch-Mode",
								"value": "cors"
							},
							{
								"key": "Sec-Fetch-Dest",
								"value": "empty"
							},
							{
								"key": "Referer",
								"value": "http://localhost:3000/"
							},
							{
								"key": "Accept-Language",
								"value": "en-US,en;q=0.9"
							}
						],
						"body": {
							"mode": "raw",
							"raw": "{\"id\":1,\"name\":\"ASD\",\"roles\":[]}"
						},
						"url": {
							"raw": "http://localhost:8080/admin/users/1",
							"protocol": "http",
							"host": [
								"localhost"
							],
							"port": "8080",
							"path": [
								"admin",
								"users",
								"1"
							]
						}
					},
					"response": []
				},
				{
					"name": "Filters",
					"request": {
						"method": "GET",
						"header": []
					},
					"response": []
				}
			],
			"event": [
				{
					"listen": "prerequest",
					"script": {
						"type": "text/javascript",
						"exec": [
							""
						]
					}
				},
				{
					"listen": "test",
					"script": {
						"type": "text/javascript",
						"exec": [
							""
						]
					}
				}
			]
		},
		{
			"name": "CoreAPI connection",
			"item": [
				{
					"name": "Get roles",
					"request": {
						"auth": {
							"type": "bearer",
							"bearer": [
								{
									"key": "token",
									"value": "eyJhbGciOiJIUzI1NiIsInR5cCI6IkpXVCJ9.eyJlbWFpbCI6Imhha2FuQGdvLmNvbSIsImV4cCI6MTYzNjM1OTYzNiwiaWQiOjEsIm9yaWdfaWF0IjoxNjM2MzU2MDM2LCJyb2xlcyI6WyJzdXBlcnVzZXIiLCJ1c2VyIiwiZW1wbG95ZWUiXX0.bDR-TZnRlCENkIvczJD429hZDyONGUrhL5OrCplI-vw",
									"type": "string"
								}
							]
						},
						"method": "GET",
						"header": [],
						"url": {
							"raw": "192.168.66.155:8080/core/employees/roles/user",
							"host": [
								"192",
								"168",
								"66",
								"155"
							],
							"port": "8080",
							"path": [
								"core",
								"employees",
								"roles",
								"user"
							]
						}
					},
					"response": []
				},
				{
					"name": "Get user by wfid",
					"request": {
						"auth": {
							"type": "bearer",
							"bearer": [
								{
									"key": "token",
									"value": "eyJhbGciOiJIUzI1NiIsInR5cCI6IkpXVCJ9.eyJlbWFpbCI6Imhha2FuQGdvLmNvbSIsImV4cCI6MTYzNjM1OTYzNiwiaWQiOjEsIm9yaWdfaWF0IjoxNjM2MzU2MDM2LCJyb2xlcyI6WyJzdXBlcnVzZXIiLCJ1c2VyIiwiZW1wbG95ZWUiXX0.bDR-TZnRlCENkIvczJD429hZDyONGUrhL5OrCplI-vw",
									"type": "string"
								}
							]
						},
						"method": "GET",
						"header": [],
						"url": {
							"raw": "192.168.66.155:8080/core/employees/wf/700",
							"host": [
								"192",
								"168",
								"66",
								"155"
							],
							"port": "8080",
							"path": [
								"core",
								"employees",
								"wf",
								"700"
							]
						}
					},
					"response": []
				}
			]
		},
		{
			"name": "Get all patients",
			"request": {
				"method": "GET",
				"header": [],
				"url": {
					"raw": "localhost:8080/patients/?keyword=b",
					"host": [
						"localhost"
					],
					"port": "8080",
					"path": [
						"patients",
						""
					],
					"query": [
						{
							"key": "id",
							"value": "1",
							"disabled": true
						},
						{
							"key": "id",
							"value": "2",
							"disabled": true
						},
						{
							"key": "id",
							"value": "3",
							"disabled": true
						},
						{
							"key": "id",
							"value": "4",
							"disabled": true
						},
						{
							"key": "id",
							"value": "5",
							"disabled": true
						},
						{
							"key": "name",
							"value": "Ivan",
							"disabled": true
						},
						{
							"key": "name",
							"value": "ivan",
							"disabled": true
						},
						{
							"key": "name",
							"value": "iv",
							"disabled": true
						},
						{
							"key": "name",
							"value": "Iv",
							"disabled": true
						},
						{
							"key": "name",
							"value": "ra",
							"disabled": true
						},
						{
							"key": "keyword",
							"value": "r",
							"disabled": true
						},
						{
							"key": "keyword",
							"value": "b"
						},
						{
							"key": "keyword",
							"value": "a",
							"disabled": true
						},
						{
							"key": "keyword",
							"value": "e",
							"disabled": true
						}
					]
				}
			},
			"response": []
		},
		{
			"name": "Get all topics",
			"request": {
				"method": "GET",
				"header": [],
				"url": {
					"raw": "localhost:8080/topics/",
					"host": [
						"localhost"
					],
					"port": "8080",
					"path": [
						"topics",
						""
					]
				}
			},
			"response": []
		},
		{
			"name": "Add mood",
			"request": {
				"method": "POST",
				"header": [],
				"body": {
					"mode": "raw",
					"raw": "{\n    \"grade\": 1,\n    \"patientID\": 1 \n}"
				},
				"url": {
					"raw": "localhost:8080/moods",
					"host": [
						"localhost"
					],
					"port": "8080",
					"path": [
						"moods"
					]
				}
			},
			"response": []
		},
		{
			"name": "Get all moods",
			"request": {
				"method": "GET",
				"header": [],
				"url": {
					"raw": "localhost:8080/moods/?id=1",
					"host": [
						"localhost"
					],
					"port": "8080",
					"path": [
						"moods",
						""
					],
					"query": [
						{
							"key": "id",
							"value": "1"
						}
					]
				}
			},
			"response": []
		},
		{
			"name": "Add record",
			"request": {
				"method": "POST",
				"header": [],
				"body": {
					"mode": "raw",
					"raw": "{\n    \"Text\": \"test record\",\n    \"PatientID\": 1\n}",
					"options": {
						"raw": {
							"language": "json"
						}
					}
				},
				"url": {
					"raw": "localhost:8080/records",
					"host": [
						"localhost"
					],
					"port": "8080",
					"path": [
						"records"
					]
				}
			},
			"response": []
		},
		{
			"name": "Get all records",
			"request": {
				"method": "GET",
				"header": [],
				"url": {
					"raw": "localhost:8080/records?id=-1",
					"host": [
						"localhost"
					],
					"port": "8080",
					"path": [
						"records"
					],
					"query": [
						{
							"key": "id",
							"value": "-1"
						},
						{
							"key": "keyword",
							"value": "Tg",
							"disabled": true
						}
					]
				}
			},
			"response": []
		},
		{
			"name": "GetUserPermissions",
			"request": {
				"auth": {
					"type": "bearer",
					"bearer": [
						{
							"key": "token",
							"value": "eyJhbGciOiJIUzI1NiIsInR5cCI6IkpXVCJ9.eyJlbWFpbCI6Imhha2FuQGdvLmNvbSIsImV4cCI6MTYzMjgxODUyMywiaWQiOjEsIm9yaWdfaWF0IjoxNjMyODE0OTIzLCJyb2xlcyI6WyJzdXBlcnVzZXIiLCJ1c2VyIiwiZW1wbG95ZWUiXX0.JEJ0MM4IfMPRMce54ZqF2IVh-13mldSjg5v-F8EdhiY",
							"type": "string"
						}
					]
				},
				"method": "GET",
				"header": [],
				"url": {
					"raw": "localhost:8080/users/permissions",
					"host": [
						"localhost"
					],
					"port": "8080",
					"path": [
						"users",
						"permissions"
					]
				}
			},
			"response": []
		},
		{
			"name": "CreateUserFromCoreApiToken",
			"request": {
				"auth": {
					"type": "bearer",
					"bearer": [
						{
							"key": "token",
							"value": "eyJhbGciOiJIUzI1NiIsInR5cCI6IkpXVCJ9.eyJlbWFpbCI6Imhha2FuQGdvLmNvbSIsImV4cCI6MTYzMjgyODcxMCwiaWQiOjEsIm9yaWdfaWF0IjoxNjMyODI1MTEwLCJyb2xlcyI6WyJzdXBlcnVzZXIiLCJ1c2VyIiwiZW1wbG95ZWUiXX0.jamdRvGRRn9BVp0omDJ6LjpIztcEUw0zYyfoFujA5Y0",
							"type": "string"
						}
					]
				},
				"method": "POST",
				"header": [],
				"url": {
					"raw": "localhost:8080/users",
					"host": [
						"localhost"
					],
					"port": "8080",
					"path": [
						"users"
					]
				}
			},
			"response": []
		}
	],
	"event": [
		{
			"listen": "prerequest",
			"script": {
				"type": "text/javascript",
				"exec": [
					""
				]
			}
		},
		{
			"listen": "test",
			"script": {
				"type": "text/javascript",
				"exec": [
					""
				]
			}
		}
	],
	"variable": [
		{
			"key": "API_token",
			"value": "TgjxE4H_ae964NXT3NDQj_wJspyqqvMazx7a_mah63EmJx"
		}
	]
}