{
	"info": {
		"_postman_id": "10b3875e-62f5-4ade-a447-294a8e5ce750",
		"name": "NextCloud",
		"schema": "https://schema.getpostman.com/json/collection/v2.1.0/collection.json"
	},
	"item": [
		{
			"name": "Patinet card",
			"item": [
				{
					"name": "Edit file",
					"request": {
						"auth": {
							"type": "basic",
							"basic": [
								{
									"key": "password",
									"value": "developersDPnextcl0ud123",
									"type": "string"
								},
								{
									"key": "username",
									"value": "devs.nc",
									"type": "string"
								}
							]
						},
						"method": "PUT",
						"header": [],
						"body": {
							"mode": "raw",
							"raw": "BBBBBBBBBBBBBBBBBBBBBBBBBBBBBBBBBBBBBBBBBBBBBBBBBBBBBBb"
						},
						"url": {
							"raw": "https://cloud.dentap.local/remote.php/dav/files/devs.nc/Questionnaires/testPOST.md",
							"protocol": "https",
							"host": [
								"cloud",
								"dentap",
								"local"
							],
							"path": [
								"remote.php",
								"dav",
								"files",
								"devs.nc",
								"Questionnaires",
								"testPOST.md"
							]
						}
					},
					"response": []
				},
				{
					"name": "Upload PDF",
					"request": {
						"auth": {
							"type": "basic",
							"basic": [
								{
									"key": "password",
									"value": "developersDPnextcl0ud123",
									"type": "string"
								},
								{
									"key": "username",
									"value": "devs.nc",
									"type": "string"
								}
							]
						},
						"method": "PUT",
						"header": [],
						"body": {
							"mode": "formdata",
							"formdata": [
								{
									"key": "",
									"type": "file",
									"src": "/home/iliyan/Downloads/questionnaire (7).pdf"
								}
							]
						},
						"url": {
							"raw": "https://cloud.dentap.local/remote.php/dav/files/devs.nc/Questionnaires/public/testPDF.pdf",
							"protocol": "https",
							"host": [
								"cloud",
								"dentap",
								"local"
							],
							"path": [
								"remote.php",
								"dav",
								"files",
								"devs.nc",
								"Questionnaires",
								"public",
								"testPDF.pdf"
							]
						}
					},
					"response": []
				},
				{
					"name": "Read File",
					"request": {
						"auth": {
							"type": "basic",
							"basic": [
								{
									"key": "username",
									"value": "devs.nc",
									"type": "string"
								},
								{
									"key": "password",
									"value": "developersDPnextcl0ud123",
									"type": "string"
								}
							]
						},
						"method": "GET",
						"header": [],
						"url": {
							"raw": "https://cloud.dentap.local/remote.php/dav/files/devs.nc/Questionnaires/testGET.md",
							"protocol": "https",
							"host": [
								"cloud",
								"dentap",
								"local"
							],
							"path": [
								"remote.php",
								"dav",
								"files",
								"devs.nc",
								"Questionnaires",
								"testGET.md"
							]
						}
					},
					"response": []
				}
			]
		}
	]
}