{
	"info": {
		"_postman_id": "18531d5a-b3a5-4628-b17f-f77b4b87a5a4",
		"name": "Nvision",
		"schema": "https://schema.getpostman.com/json/collection/v2.1.0/collection.json"
	},
	"item": [
		{
			"name": "Data",
			"request": {
				"auth": {
					"type": "basic",
					"basic": [
						{
							"key": "password",
							"value": "7i2Cm0Pd5yhK83E18sgoNtuViMD7oTWLIGByW+Wavyo=",
							"type": "string"
						},
						{
							"key": "username",
							"value": "SFAPI",
							"type": "string"
						}
					]
				},
				"method": "GET",
				"header": [],
				"url": {
					"raw": "http://dentafs02.dentap.local:7158/DPSRV-TEST/ODataV4/Company('DentaprimeEAD')/CustomerOpenEntries",
					"protocol": "http",
					"host": [
						"dentafs02",
						"dentap",
						"local"
					],
					"port": "7158",
					"path": [
						"DPSRV-TEST",
						"ODataV4",
						"Company('DentaprimeEAD')",
						"CustomerOpenEntries"
					],
					"query": [
						{
							"key": "$filter",
							"value": "Customer_No eq '77966'",
							"disabled": true
						}
					]
				}
			},
			"response": []
		},
		{
			"name": "test",
			"request": {
				"auth": {
					"type": "basic",
					"basic": [
						{
							"key": "password",
							"value": "7i2Cm0Pd5yhK83E18sgoNtuViMD7oTWLIGByW+Wavyo=a",
							"type": "string"
						},
						{
							"key": "username",
							"value": "SFAPIa",
							"type": "string"
						}
					]
				},
				"method": "GET",
				"header": [],
				"url": {
					"raw": "http://dentafs02.dentap.local:7158/DPSRV-TEST/ODataV4/Company('DentaprimeEAD')/CustomerOpenEntries",
					"protocol": "http",
					"host": [
						"dentafs02",
						"dentap",
						"local"
					],
					"port": "7158",
					"path": [
						"DPSRV-TEST",
						"ODataV4",
						"Company('DentaprimeEAD')",
						"CustomerOpenEntries"
					],
					"query": [
						{
							"key": "",
							"value": null,
							"disabled": true
						}
					]
				}
			},
			"response": []
		}
	]
}