{
	"info": {
		"_postman_id": "555da698-edc7-4efe-870a-365a16811819",
		"name": "Password Manager Backend",
		"schema": "https://schema.getpostman.com/json/collection/v2.1.0/collection.json"
	},
	"item": [
		{
			"name": "/send-password-reset-email",
			"protocolProfileBehavior": {
				"strictSSL": true
			},
			"request": {
				"method": "POST",
				"header": [],
				"body": {
					"mode": "raw",
					"raw": "{\n    \"email\" : \"iliyan.borisov@dentaprime.com\"\n}",
					"options": {
						"raw": {
							"language": "json"
						}
					}
				},
				"url": {
					"raw": "http://localhost:8090/send-password-reset-email",
					"protocol": "http",
					"host": [
						"localhost"
					],
					"port": "8090",
					"path": [
						"send-password-reset-email"
					]
				}
			},
			"response": []
		},
		{
			"name": "/reset-password",
			"request": {
				"method": "POST",
				"header": [],
				"url": {
					"raw": "localhost:8090/reset-password",
					"host": [
						"localhost"
					],
					"port": "8090",
					"path": [
						"reset-password"
					]
				}
			},
			"response": []
		}
	]
}