{
	"info": {
		"_postman_id": "d3fb2e07-c14e-4ff7-8b90-a0b236e2959b",
		"name": "WF",
		"schema": "https://schema.getpostman.com/json/collection/v2.1.0/collection.json"
	},
	"item": [
		{
			"name": "Patient card",
			"item": [
				{
					"name": "Patient Card Api",
					"request": {
						"method": "GET",
						"header": [],
						"url": {
							"raw": "https://dentaprime.webflowdental.com:29190/data_link_form?api_key={{API_Token}}",
							"protocol": "https",
							"host": [
								"dentaprime",
								"webflowdental",
								"com"
							],
							"port": "29190",
							"path": [
								"data_link_form"
							],
							"query": [
								{
									"key": "api_key",
									"value": "{{API_Token}}"
								},
								{
									"key": "act",
									"value": "get_form_templates",
									"disabled": true
								}
							]
						}
					},
					"response": []
				},
				{
					"name": "Create patient form",
					"request": {
						"method": "GET",
						"header": [],
						"url": {
							"raw": "https://dentaprime.webflowdental.com:29190/data_link_form?api_key={{API_Token}}&act=get_patient_form&patient_id=73168&lang=en&create_new=1&form_template_id=1",
							"protocol": "https",
							"host": [
								"dentaprime",
								"webflowdental",
								"com"
							],
							"port": "29190",
							"path": [
								"data_link_form"
							],
							"query": [
								{
									"key": "api_key",
									"value": "{{API_Token}}"
								},
								{
									"key": "act",
									"value": "get_patient_form"
								},
								{
									"key": "patient_id",
									"value": "73168"
								},
								{
									"key": "lang",
									"value": "en"
								},
								{
									"key": "create_new",
									"value": "1"
								},
								{
									"key": "form_template_id",
									"value": "1"
								}
							]
						}
					},
					"response": []
				},
				{
					"name": "Get all form templates",
					"request": {
						"method": "GET",
						"header": [],
						"url": {
							"raw": "https://dentaprime.webflowdental.com:9190/data_link_form?api_key=d51f5r4Cc34f0c_q314E30f2P9345a7026bVeecb9c3b5X&act=get_form_templates",
							"protocol": "https",
							"host": [
								"dentaprime",
								"webflowdental",
								"com"
							],
							"port": "9190",
							"path": [
								"data_link_form"
							],
							"query": [
								{
									"key": "api_key",
									"value": "d51f5r4Cc34f0c_q314E30f2P9345a7026bVeecb9c3b5X",
									"description": "d51f5r4Cc34f0c_q314E30f2P9345a7026bVeecb9c3b5X"
								},
								{
									"key": "act",
									"value": "get_form_templates"
								}
							]
						}
					},
					"response": []
				},
				{
					"name": "Get one form template",
					"request": {
						"method": "GET",
						"header": [],
						"url": {
							"raw": "https://dentaprime.webflowdental.com:9190/data_link_form?api_key=d51f5r4Cc34f0c_q314E30f2P9345a7026bVeecb9c3b5X&act=get_form_template&form_template_id=11",
							"protocol": "https",
							"host": [
								"dentaprime",
								"webflowdental",
								"com"
							],
							"port": "9190",
							"path": [
								"data_link_form"
							],
							"query": [
								{
									"key": "api_key",
									"value": "d51f5r4Cc34f0c_q314E30f2P9345a7026bVeecb9c3b5X"
								},
								{
									"key": "act",
									"value": "get_form_template"
								},
								{
									"key": "form_template_id",
									"value": "11"
								}
							]
						}
					},
					"response": []
				},
				{
					"name": "Get all users",
					"request": {
						"method": "GET",
						"header": [],
						"url": {
							"raw": "https://dentaprime.webflowdental.com:29190/data_link?api_key={{API_Token}}&act=get_system_users&user_id=all",
							"protocol": "https",
							"host": [
								"dentaprime",
								"webflowdental",
								"com"
							],
							"port": "29190",
							"path": [
								"data_link"
							],
							"query": [
								{
									"key": "api_key",
									"value": "{{API_Token}}"
								},
								{
									"key": "act",
									"value": "get_system_users"
								},
								{
									"key": "user_id",
									"value": "all"
								}
							]
						}
					},
					"response": []
				},
				{
					"name": "Delete patient's form",
					"request": {
						"method": "GET",
						"header": [],
						"url": {
							"raw": "https://dentaprime.webflowdental.com:9190/data_link_form?api_key=d51f5r4Cc34f0c_q314E30f2P9345a7026bVeecb9c3b5X&act=delete_patient_form&form_template_id=11&form_fill_uid=30681&patient_id=73022",
							"protocol": "https",
							"host": [
								"dentaprime",
								"webflowdental",
								"com"
							],
							"port": "9190",
							"path": [
								"data_link_form"
							],
							"query": [
								{
									"key": "api_key",
									"value": "d51f5r4Cc34f0c_q314E30f2P9345a7026bVeecb9c3b5X"
								},
								{
									"key": "act",
									"value": "delete_patient_form"
								},
								{
									"key": "form_template_id",
									"value": "11"
								},
								{
									"key": "form_fill_uid",
									"value": "30681"
								},
								{
									"key": "patient_id",
									"value": "73022"
								}
							]
						}
					},
					"response": []
				},
				{
					"name": "Get all patient's forms",
					"request": {
						"method": "GET",
						"header": [],
						"url": {
							"raw": "https://dentaprime.webflowdental.com:9190/data_link_form?api_key=d51f5r4Cc34f0c_q314E30f2P9345a7026bVeecb9c3b5X&act=get_patient_forms&patient_id=73022",
							"protocol": "https",
							"host": [
								"dentaprime",
								"webflowdental",
								"com"
							],
							"port": "9190",
							"path": [
								"data_link_form"
							],
							"query": [
								{
									"key": "api_key",
									"value": "d51f5r4Cc34f0c_q314E30f2P9345a7026bVeecb9c3b5X"
								},
								{
									"key": "act",
									"value": "get_patient_forms"
								},
								{
									"key": "patient_id",
									"value": "73022"
								},
								{
									"key": "ext_patient_id",
									"value": "0013H000006pm4pQAA",
									"disabled": true
								}
							]
						}
					},
					"response": []
				},
				{
					"name": "Update patient info by form",
					"request": {
						"method": "POST",
						"header": [],
						"body": {
							"mode": "formdata",
							"formdata": [
								{
									"key": "api_key",
									"value": "d51f5r4Cc34f0c_q314E30f2P9345a7026bVeecb9c3b5X",
									"type": "text"
								},
								{
									"key": "act",
									"value": "fill_patient_form",
									"type": "text"
								},
								{
									"key": "form_fill_uid",
									"value": "62219",
									"type": "text"
								},
								{
									"key": "patient_id",
									"value": "73022",
									"type": "text"
								},
								{
									"key": "close",
									"value": "0",
									"type": "text"
								},
								{
									"key": "lines",
									"value": "[\n        {\n            \"answer_required\": true,\n            \"answer_type\": \"text\",\n            \"answer_value\": \"Test123\",\n            \"category\": \"patient_field\",\n            \"lm_date\": \"2022-03-22 18:17:07\",\n            \"page\": 1,\n            \"question_id\": \"0\",\n            \"question_patient_field\": \"firstname\",\n            \"question_text\": \"First, Middle names\",\n            \"question_uid\": \"3447900\"\n        }\n    ]",
									"type": "text"
								},
								{
									"key": "form_template_id",
									"value": "11",
									"type": "text"
								}
							]
						},
						"url": {
							"raw": "https://dentaprime.webflowdental.com:9190/data_link_form",
							"protocol": "https",
							"host": [
								"dentaprime",
								"webflowdental",
								"com"
							],
							"port": "9190",
							"path": [
								"data_link_form"
							],
							"query": [
								{
									"key": "",
									"value": null,
									"disabled": true
								}
							]
						}
					},
					"response": []
				},
				{
					"name": "Get patient form by ID",
					"request": {
						"auth": {
							"type": "apikey"
						},
						"method": "GET",
						"header": [],
						"url": {
							"raw": "https://dentaprime.webflowdental.com:9190/data_link_form?api_key=d51f5r4Cc34f0c_q314E30f2P9345a7026bVeecb9c3b5X&act=get_patient_form&patient_id=61139&lang=en&form_template_id=11&copy_prev_answers=1&next_appointments=1",
							"protocol": "https",
							"host": [
								"dentaprime",
								"webflowdental",
								"com"
							],
							"port": "9190",
							"path": [
								"data_link_form"
							],
							"query": [
								{
									"key": "api_key",
									"value": "d51f5r4Cc34f0c_q314E30f2P9345a7026bVeecb9c3b5X"
								},
								{
									"key": "act",
									"value": "get_patient_form"
								},
								{
									"key": "patient_id",
									"value": "61139"
								},
								{
									"key": "lang",
									"value": "en"
								},
								{
									"key": "form_fill_uid",
									"value": "47393",
									"disabled": true
								},
								{
									"key": "form_template_id",
									"value": "11"
								},
								{
									"key": "create_new",
									"value": "1",
									"disabled": true
								},
								{
									"key": "ext_patient_id",
									"value": "0013H000006pm4pQAA",
									"disabled": true
								},
								{
									"key": "copy_prev_answers",
									"value": "1"
								},
								{
									"key": "next_appointments",
									"value": "1"
								},
								{
									"key": "question_patient_field",
									"value": "address_street",
									"disabled": true
								}
							]
						}
					},
					"response": []
				},
				{
					"name": "Api key test",
					"request": {
						"method": "GET",
						"header": [],
						"url": {
							"raw": "https://dentaprime.webflowdental.com:29190?api_key={{API_Token}}",
							"protocol": "https",
							"host": [
								"dentaprime",
								"webflowdental",
								"com"
							],
							"port": "29190",
							"query": [
								{
									"key": "api_key",
									"value": "{{API_Token}}"
								}
							]
						}
					},
					"response": []
				}
			]
		},
		{
			"name": "Know your patient",
			"item": [
				{
					"name": "Get patient by WFID",
					"request": {
						"method": "GET",
						"header": [],
						"url": {
							"raw": "https://dentaprime.webflowdental.com:29190/data_link?api_key={{API_Token}}&act=get_patient",
							"protocol": "https",
							"host": [
								"dentaprime",
								"webflowdental",
								"com"
							],
							"port": "29190",
							"path": [
								"data_link"
							],
							"query": [
								{
									"key": "api_key",
									"value": "{{API_Token}}"
								},
								{
									"key": "act",
									"value": "get_patient"
								},
								{
									"key": "patient_id",
									"value": "73022",
									"disabled": true
								}
							]
						}
					},
					"response": []
				},
				{
					"name": "Get patient by SFID",
					"request": {
						"method": "GET",
						"header": []
					},
					"response": []
				},
				{
					"name": "New Request",
					"request": {
						"auth": {
							"type": "bearer",
							"bearer": [
								{
									"key": "token",
									"value": "eyJhbGciOiJIUzI1NiIsInR5cCI6IkpXVCJ9.eyJlbWFpbCI6Imhha2FuQGdvLmNvbSIsImV4cCI6MTYzNjM1OTYzNiwiaWQiOjEsIm9yaWdfaWF0IjoxNjM2MzU2MDM2LCJyb2xlcyI6WyJzdXBlcnVzZXIiLCJ1c2VyIiwiZW1wbG95ZWUiXX0.bDR-TZnRlCENkIvczJD429hZDyONGUrhL5OrCplI-vw",
									"type": "string"
								}
							]
						},
						"method": "GET",
						"header": [],
						"url": {
							"raw": "localhost:8080/Patient/700",
							"host": [
								"localhost"
							],
							"port": "8080",
							"path": [
								"Patient",
								"700"
							]
						}
					},
					"response": []
				}
			]
		},
		{
			"name": "Feedback patient treatment request",
			"request": {
				"method": "GET",
				"header": [],
				"url": {
					"raw": "https://dentaprime.webflowdental.com:9190/data_link?user=feedback&api_key=feedbacksystempassword_HLDcWLxd_saX&act=get_patient_feedback_data&patient_id=89157&booking_id=B-28940",
					"protocol": "https",
					"host": [
						"dentaprime",
						"webflowdental",
						"com"
					],
					"port": "9190",
					"path": [
						"data_link"
					],
					"query": [
						{
							"key": "user",
							"value": "feedback"
						},
						{
							"key": "api_key",
							"value": "feedbacksystempassword_HLDcWLxd_saX"
						},
						{
							"key": "act",
							"value": "get_patient_feedback_data"
						},
						{
							"key": "patient_id",
							"value": "89157"
						},
						{
							"key": "booking_id",
							"value": "B-28940"
						}
					]
				}
			},
			"response": []
		},
		{
			"name": "Get docktor IDs",
			"request": {
				"method": "GET",
				"header": [],
				"url": {
					"raw": "https://dentaprime.webflowdental.com:9190/data_link?user=hakan&api_key=Ws49Dk38ehSR_E4EuGlPbv9MNPmmZxDeWm_qSD94Ub3ARr&act=get_system_users&user_id=all",
					"protocol": "https",
					"host": [
						"dentaprime",
						"webflowdental",
						"com"
					],
					"port": "9190",
					"path": [
						"data_link"
					],
					"query": [
						{
							"key": "user",
							"value": "hakan"
						},
						{
							"key": "api_key",
							"value": "Ws49Dk38ehSR_E4EuGlPbv9MNPmmZxDeWm_qSD94Ub3ARr"
						},
						{
							"key": "act",
							"value": "get_system_users"
						},
						{
							"key": "user_id",
							"value": "all"
						}
					]
				}
			},
			"response": []
		}
	],
	"event": [
		{
			"listen": "prerequest",
			"script": {
				"type": "text/javascript",
				"exec": [
					""
				]
			}
		},
		{
			"listen": "test",
			"script": {
				"type": "text/javascript",
				"exec": [
					""
				]
			}
		}
	],
	"variable": [
		{
			"key": "API_Token",
			"value": "TgjxE4H_ae964NXT3NDQj_wJspyqqvMazx7a_mah63EmJx"
		}
	]
}